Motherboard,Motherboard Price,mobo_socket_cpu,mobo_form_factor,mobo_memory_max,mobo_memory_slots,mobo_color,Inventory
Gigabyte B550 AORUS PRO V2 ATX AM4,43800,AM4,ATX,128 GB,4,Black,1
Asus PRIME Z690M-PLUS D4 Micro ATX LGA1700,41050,LGA1700,Micro ATX,128 GB,4,Silver / Black
MSI MAG B550 TOMAHAWK ATX AM4,23550,AM4,ATX,128 GB,4,Black / Silver
Gigabyte Z690 AORUS ELITE AX DDR4 ATX LGA1700,36450,LGA1700,ATX,128 GB,4,Black / Silver
MSI MPG B550 GAMING EDGE WIFI ATX AM4,37700,AM4,ATX,128 GB,4,Black / Silver
Asus ROG STRIX Z490-E GAMING ATX LGA1200,73800,LGA1200,ATX,128 GB,4,Black
Gigabyte X570 AORUS ELITE WIFI ATX AM4,31550,AM4,ATX,128 GB,4,Black
MSI MPG Z390 GAMING EDGE AC ATX LGA1151,64700,LGA1151,ATX,128 GB,4,Black / Silver
Asus ROG Crosshair VIII Dark Hero ATX AM4,73500,AM4,ATX,128 GB,4,Black / Silver
MSI B450 TOMAHAWK MAX ATX AM4,34900,AM4,ATX,64 GB,4,Black
MSI MEG Z490 UNIFY ATX LGA1200,73050,LGA1200,ATX,128 GB,4,Black / Silver
MSI MPG Z390 GAMING PLUS ATX LGA1151,57850,LGA1151,ATX,128 GB,4,Black / Red
Gigabyte X570 AORUS MASTER ATX AM4,49350,AM4,ATX,128 GB,4,Black / Silver
Gigabyte B550I AORUS PRO AX Mini ITX AM4,52900,AM4,Mini ITX,64 GB,2,Black / Silver
MSI MPG Z590 GAMING PLUS ATX LGA1200,63700,LGA1200,ATX,128 GB,4,Black
Gigabyte X570 I AORUS PRO WIFI Mini ITX AM4,42150,AM4,Mini ITX,64 GB,2,Black / Silver
MSI X399 GAMING PRO CARBON AC ATX sTR4,29850,sTR4,ATX,128 GB,8,Black / Silver
Gigabyte Z590 AORUS ELITE ATX LGA1200,64900,LGA1200,ATX,128 GB,4,Black
Asus TUF GAMING B550M-PLUS (WI-FI) Micro ATX AM4,20900,AM4,Micro ATX,128 GB,4,Black
Asus ROG Strix X570-F Gaming ATX AM4,49450,AM4,ATX,128 GB,4,Black
MSI B550M PRO-VDH WIFI Micro ATX AM4,22350,AM4,Micro ATX,128 GB,4,Black
ASRock B560M Pro4 Micro ATX LGA1200,19950,LGA1200,Micro ATX,128 GB,4,Silver / Black
NZXT N7 B550 ATX AM4,49100,AM4,ATX,128 GB,4,White / Black
Asus ROG STRIX B550-I GAMING Mini ITX AM4,23800,AM4,Mini ITX,64 GB,2,Black
Asus ROG MAXIMUS Z690 HERO ATX LGA1700,101450,LGA1700,ATX,128 GB,4,Black / Silver
Asus ROG Strix X570-E Gaming ATX AM4,37900,AM4,ATX,128 GB,4,Black
Asus ROG Strix X570-I Gaming Mini ITX AM4,46950,AM4,Mini ITX,64 GB,2,Black
Asus TUF GAMING B550-PLUS (WI-FI) ATX AM4,33750,AM4,ATX,128 GB,4,Black
Asus TUF GAMING X570-PLUS (WI-FI) ATX AM4,41350,AM4,ATX,128 GB,4,Black / Gold
Asus CROSSHAIR VI HERO (WI-FI AC) ATX AM4,79200,AM4,ATX,64 GB,4,Black / Gray
MSI MAG X570 TOMAHAWK WIFI ATX AM4,34400,AM4,ATX,128 GB,4,Black
Asus ROG Crosshair VIII Hero (WI-FI) ATX AM4,97600,AM4,ATX,128 GB,4,Black
MSI MPG B460I GAMING EDGE WIFI Mini ITX LGA1200,42800,LGA1200,Mini ITX,64 GB,2,Black / Silver
Gigabyte B450 I AORUS PRO WIFI Mini ITX AM4,19900,AM4,Mini ITX,64 GB,2,Black / Silver
Asus ROG STRIX B550-F GAMING ATX AM4,27250,AM4,ATX,128 GB,4,Black
Asus ROG MAXIMUS XII FORMULA ATX LGA1200,103100,LGA1200,ATX,128 GB,4,Black
Asus ROG STRIX B550-E GAMING ATX AM4,42000,AM4,ATX,128 GB,4,Black
MSI B450 TOMAHAWK ATX AM4,19850,AM4,ATX,64 GB,4,Black / Silver
MSI MAG Z690 TOMAHAWK WIFI DDR4 ATX LGA1700,37150,LGA1700,ATX,128 GB,4,Black / Silver
Asus ROG STRIX B450-F GAMING II ATX AM4,32150,AM4,ATX,128 GB,4,Black
Asus ROG MAXIMUS XIII HERO ATX LGA1200,93250,LGA1200,ATX,128 GB,4,Black
MSI B550-A PRO ATX AM4,24150,AM4,ATX,128 GB,4,Black / Silver
Asus ROG STRIX Z690-A GAMING WIFI D4 ATX LGA1700,47400,LGA1700,ATX,128 GB,4,Silver / Black
Asus ROG STRIX B550-F GAMING (WI-FI) ATX AM4,32000,AM4,ATX,128 GB,4,Black
MSI MPG X570 GAMING EDGE WIFI ATX AM4,48100,AM4,ATX,128 GB,4,Black / Silver
Gigabyte Z690 AORUS XTREME EATX LGA1700,55500,LGA1700,EATX,128 GB,4,Black
MSI MPG Z490 GAMING PLUS ATX LGA1200,51250,LGA1200,ATX,128 GB,4,Black / Silver
Asus TUF GAMING X570-PRO (WI-FI) ATX AM4,30150,AM4,ATX,128 GB,4,Black / Gold
Asus ROG STRIX B450-F GAMING ATX AM4,34050,AM4,ATX,64 GB,4,Black
Asus ROG STRIX Z490-H GAMING ATX LGA1200,71450,LGA1200,ATX,128 GB,4,Black / Red
Asus PRIME Z390-P ATX LGA1151,56000,LGA1151,ATX,128 GB,4,Silver / Black
MSI MPG Z490 GAMING EDGE WIFI ATX LGA1200,57550,LGA1200,ATX,128 GB,4,Black / Silver
MSI Z390-A PRO ATX LGA1151,45300,LGA1151,ATX,128 GB,4,Brown / Black
Asus TUF GAMING B560M-PLUS WIFI Micro ATX LGA1200,22900,LGA1200,Micro ATX,128 GB,4,Gold / Black
Asus Prime X470-Pro ATX AM4,27600,AM4,ATX,64 GB,4,Black / White
EVGA Z590 FTW WIFI ATX LGA1200,61350,LGA1200,ATX,128 GB,4,Black / Silver
MSI MAG B365M MORTAR Micro ATX LGA1151,27300,LGA1151,Micro ATX,64 GB,4,Black
MSI MPG Z490M GAMING EDGE WIFI Micro ATX LGA1200,75000,LGA1200,Micro ATX,128 GB,4,Black / Silver
Gigabyte Z390 AORUS PRO WIFI ATX LGA1151,50350,LGA1151,ATX,128 GB,4,Black / Silver
MSI MPG B550 GAMING PLUS ATX AM4,51650,AM4,ATX,128 GB,4,Black
ASRock A520M-HDV Micro ATX AM4,17650,AM4,Micro ATX,64 GB,2,Black / Silver
Asus Z97-A ATX LGA1150,48850,LGA1150,ATX,32 GB,4,Black / Gold
Asus ROG STRIX Z390-E GAMING ATX LGA1151,60750,LGA1151,ATX,128 GB,4,Black
MSI MEG Z490 ACE ATX LGA1200,74500,LGA1200,ATX,128 GB,4,Black / Gold
MSI Z590 PRO WIFI ATX LGA1200,47050,LGA1200,ATX,128 GB,4,Black
MSI Z170A GAMING M5 ATX LGA1151,38400,LGA1151,ATX,64 GB,4,Black / Red
Gigabyte Z490 VISION G ATX LGA1200,55450,LGA1200,ATX,128 GB,4,White / Black
Gigabyte Z590I AORUS ULTRA Mini ITX LGA1200,52450,LGA1200,Mini ITX,64 GB,2,Black
Gigabyte B550M AORUS PRO Micro ATX AM4,26000,AM4,Micro ATX,128 GB,4,Black / Silver
Gigabyte B550 AORUS ELITE AX V2 ATX AM4,29100,AM4,ATX,128 GB,4,Black / Silver
Gigabyte GA-Z270N-WIFI Mini ITX LGA1151,60700,LGA1151,Mini ITX,32 GB,2,Black / Gold
Gigabyte X570S AERO G ATX AM4,42900,AM4,ATX,128 GB,4,Black / White
MSI B450-A PRO MAX ATX AM4,37300,AM4,ATX,64 GB,4,Brown / Black
ASRock X570M Pro4 Micro ATX AM4,36200,AM4,Micro ATX,128 GB,4,Black / Silver
MSI MAG B550M BAZOOKA Micro ATX AM4,57600,AM4,Micro ATX,128 GB,4,Black / Silver
Asus PRIME Z390-A ATX LGA1151,52900,LGA1151,ATX,128 GB,4,Silver / Black
MSI MEG X570 UNIFY ATX AM4,31950,AM4,ATX,128 GB,4,Black
MSI MAG B550M MORTAR WIFI Micro ATX AM4,39200,AM4,Micro ATX,128 GB,4,Silver / Black
Asus ROG STRIX B550-A GAMING ATX AM4,31150,AM4,ATX,128 GB,4,Black / White
Asus ROG STRIX Z590-E GAMING WIFI ATX LGA1200,57850,LGA1200,ATX,128 GB,4,Black
Asus ROG STRIX Z590-A GAMING WIFI ATX LGA1200,50600,LGA1200,ATX,128 GB,4,Silver / Black
Asus PRIME B560-PLUS ATX LGA1200,28600,LGA1200,ATX,128 GB,4,Silver / Black
MSI X470 GAMING PLUS ATX AM4,47600,AM4,ATX,64 GB,4,Red / Black
ASRock X570 Taichi ATX AM4,48500,AM4,ATX,128 GB,4,Black / Silver
Asus ROG STRIX B460-I GAMING Mini ITX LGA1200,34850,LGA1200,Mini ITX,64 GB,2,Black / Silver
MSI MEG Z590I UNIFY Mini ITX LGA1200,70000,LGA1200,Mini ITX,64 GB,2,Black
Gigabyte GA-Z87X-UD5H ATX LGA1150,20850,LGA1150,ATX,32 GB,4,Black / Gray
ASRock B560M Pro4/ac Micro ATX LGA1200,22700,LGA1200,Micro ATX,128 GB,4,Silver / Black
Gigabyte H310M H Micro ATX LGA1151,25000,LGA1151,Micro ATX,32 GB,2,Silver / Brown
MSI Z87-G41 PC Mate ATX LGA1150,19100,LGA1150,ATX,32 GB,4,Black / Blue
Asus ROG STRIX B560-F GAMING WIFI ATX LGA1200,18450,LGA1200,ATX,128 GB,4,Black / Silver
Asus PRIME B560M-A Micro ATX LGA1200,27300,LGA1200,Micro ATX,128 GB,4,Silver / Black
ASRock Z370 Killer SLI ATX LGA1151,48550,LGA1151,ATX,64 GB,4,Black / Silver
MSI MPG B550I GAMING EDGE MAX WIFI Mini ITX AM4,26750,AM4,Mini ITX,64 GB,2,Black
MSI B450M MORTAR MAX Micro ATX AM4,24650,AM4,Micro ATX,64 GB,4,Black
Asus TUF GAMING X570-PLUS ATX AM4,42000,AM4,ATX,128 GB,4,Black / Gold
Gigabyte B550M AORUS ELITE Micro ATX AM4,54050,AM4,Micro ATX,128 GB,4,Black / Orange
Asus M5A97 R2.0 ATX AM3+,26950,AM3+,ATX,32 GB,4,Black / Blue
Asus P8Z77-V PRO ATX LGA1155,14550,LGA1155,ATX,32 GB,4,Black / Blue
MSI B450M BAZOOKA MAX WIFI Micro ATX AM4,26750,AM4,Micro ATX,128 GB,4,Black / Silver
MSI MEG B550 UNIFY ATX AM4,45000,AM4,ATX,128 GB,4,Black / Silver
MSI B450 GAMING PRO CARBON MAX WIFI ATX AM4,35100,AM4,ATX,128 GB,4,Black
Asus Prime Z370-A ATX LGA1151,46850,LGA1151,ATX,64 GB,4,Black / Silver
Gigabyte TRX40 AORUS MASTER EATX sTRX4,17000,sTRX4,EATX,256 GB,8,Black / Silver
MSI MAG B460M MORTAR WIFI Micro ATX LGA1200,31800,LGA1200,Micro ATX,128 GB,4,Silver / Black
ASRock B450M Steel Legend Micro ATX AM4,34550,AM4,Micro ATX,64 GB,4,Black / White
Asus ROG Crosshair VIII Hero ATX AM4,77450,AM4,ATX,128 GB,4,Black
Asus ROG STRIX Z690-E GAMING WIFI ATX LGA1700,53250,LGA1700,ATX,128 GB,4,Black
ASRock H510M-HDV/M.2 Micro ATX LGA1200,53350,LGA1200,Micro ATX,64 GB,2,Silver / Black
Asus STRIX B250F GAMING ATX LGA1151,34550,LGA1151,ATX,64 GB,4,Black / Silver
MSI B560M PRO-VDH WIFI Micro ATX LGA1200,21000,LGA1200,Micro ATX,128 GB,4,Black
Gigabyte X570 AORUS ULTRA ATX AM4,45700,AM4,ATX,128 GB,4,Black / Silver
Asus ROG STRIX Z370-E GAMING ATX LGA1151,55000,LGA1151,ATX,64 GB,4,Black / Silver
MSI H110M ECO Micro ATX LGA1151,29200,LGA1151,Micro ATX,32 GB,2,Black
Asus STRIX B350-F GAMING ATX AM4,44100,AM4,ATX,64 GB,4,Black
ASRock B450 Steel Legend ATX AM4,30250,AM4,ATX,64 GB,4,Black / Silver
Asus ROG Crosshair VIII Impact Mini DTX AM4,84950,AM4,Mini DTX,64 GB,2,Black
ASRock B550M Pro4 Micro ATX AM4,37800,AM4,Micro ATX,128 GB,4,Silver / Black
Asus PRIME Z490-A ATX LGA1200,69150,LGA1200,ATX,128 GB,4,Black / Silver
MSI MPG B550I GAMING EDGE WIFI Mini ITX AM4,59000,AM4,Mini ITX,64 GB,2,Black / Silver
Asus ROG MAXIMUS XII APEX ATX LGA1200,100450,LGA1200,ATX,64 GB,2,Black
MSI A320M PRO-M2 Micro ATX AM4,15400,AM4,Micro ATX,32 GB,2,Black
Asus ProArt X570-CREATOR WIFI ATX AM4,48750,AM4,ATX,128 GB,4,Black
Asus H97-PLUS ATX LGA1150,25000,LGA1150,ATX,32 GB,4,Black / Gold
Asus TUF Gaming Z590-PLUS WIFI ATX LGA1200,40050,LGA1200,ATX,128 GB,4,Silver / Black
MSI Z490-A PRO ATX LGA1200,53700,LGA1200,ATX,128 GB,4,Black / Silver
MSI Z370 TOMAHAWK ATX LGA1151,70100,LGA1151,ATX,64 GB,4,Black / Gray
ASRock X570 Taichi Razer Edition ATX AM4,43450,AM4,ATX,128 GB,4,Black / Silver
Asus ROG STRIX Z490-A GAMING ATX LGA1200,61750,LGA1200,ATX,128 GB,4,Black / Silver
Gigabyte GA-Z170X-Gaming 7 ATX LGA1151,36150,LGA1151,ATX,64 GB,4,Black / Red
MSI MAG B560 TOMAHAWK WIFI ATX LGA1200,20950,LGA1200,ATX,128 GB,4,Black
Gigabyte B450M AORUS ELITE Micro ATX AM4,20950,AM4,Micro ATX,128 GB,4,Black / Orange
ASRock B560 Steel Legend ATX LGA1200,18200,LGA1200,ATX,128 GB,4,Silver / Black
ASRock B460 Steel Legend ATX LGA1200,39350,LGA1200,ATX,128 GB,4,Black / Silver
Asus ROG Strix B450-I Gaming Mini ITX AM4,21200,AM4,Mini ITX,64 GB,2,Black / Silver
Asus ROG Crosshair VII Hero (Wi-Fi) ATX AM4,91550,AM4,ATX,64 GB,4,Black
MSI PRO Z690-A WIFI DDR4 ATX LGA1700,59000,LGA1700,ATX,128 GB,4,Black / Silver
Gigabyte X299 AORUS Gaming 9 ATX LGA2066,23800,LGA2066,ATX,128 GB,8,Black / Silver
MSI B450M PRO-VDH MAX Micro ATX AM4,33550,AM4,Micro ATX,64 GB,4,Black / Silver
Gigabyte B550 AORUS ELITE V2 ATX AM4,50850,AM4,ATX,128 GB,4,Black
Asus P8P67 ATX LGA1155,29200,LGA1155,ATX,32 GB,4,Black / Blue
MSI MPG Z590 GAMING EDGE WIFI ATX LGA1200,69700,LGA1200,ATX,128 GB,4,Black
EVGA X570 DARK EATX AM4,33400,AM4,EATX,64 GB,2,Black
Asus ROG MAXIMUS XII HERO (WI-FI) ATX LGA1200,119100,LGA1200,ATX,128 GB,4,Black
Gigabyte Z490 GAMING X ATX LGA1200,57900,LGA1200,ATX,128 GB,4,Black / Silver
Asus PRIME X570-P ATX AM4,47950,AM4,ATX,128 GB,4,Black / White
MSI MPG B550 GAMING CARBON WIFI ATX AM4,27600,AM4,ATX,128 GB,4,Black / Silver
Asus PRIME B550M-A (WI-FI) Micro ATX AM4,31950,AM4,Micro ATX,128 GB,4,Black / White
MSI MAG Z590 TOMAHAWK WIFI ATX LGA1200,49050,LGA1200,ATX,128 GB,4,Black
ASRock B250M-HDV Micro ATX LGA1151,22500,LGA1151,Micro ATX,32 GB,2,Black / White
Gigabyte GA-Z270-HD3P ATX LGA1151,70150,LGA1151,ATX,64 GB,4,Black / Gold
MSI B460M PRO-VDH Micro ATX LGA1200,42050,LGA1200,Micro ATX,128 GB,4,Black
ASRock B550 Phantom Gaming 4 ATX AM4,41150,AM4,ATX,128 GB,4,Silver / Black
Gigabyte X570 AORUS PRO WIFI ATX AM4,49000,AM4,ATX,128 GB,4,Black / Silver
Asus PRIME A320M-K Micro ATX AM4,18550,AM4,Micro ATX,32 GB,2,Black / White
Asus PRIME B450-PLUS ATX AM4,33100,AM4,ATX,64 GB,4,Black / Silver
MSI Z270 GAMING M5 ATX LGA1151,65650,LGA1151,ATX,64 GB,4,Black / Silver
Asus ROG STRIX B560-A GAMING WIFI ATX LGA1200,22950,LGA1200,ATX,128 GB,4,Black / Silver
MSI H510I PRO WIFI Mini ITX LGA1200,44500,LGA1200,Mini ITX,64 GB,2,Black / Silver
MSI MPG X570 GAMING PRO CARBON WIFI ATX AM4,32750,AM4,ATX,128 GB,4,Black / Silver
MSI MEG X570 ACE ATX AM4,34050,AM4,ATX,128 GB,4,Black / Silver
MSI X470 GAMING PRO CARBON ATX AM4,36000,AM4,ATX,64 GB,4,Black / Silver
Asus PRIME X570-PRO ATX AM4,37250,AM4,ATX,128 GB,4,Black / White
Gigabyte B450 AORUS PRO WIFI (rev. 1.0) ATX AM4,36100,AM4,ATX,64 GB,4,Black / Silver
Gigabyte X570 GAMING X ATX AM4,48050,AM4,ATX,128 GB,4,Black / Silver
Gigabyte X570 AORUS ELITE ATX AM4,45450,AM4,ATX,128 GB,4,Black / Silver
ASRock Z590 Steel Legend ATX LGA1200,48500,LGA1200,ATX,128 GB,4,Silver / Black
Asus ROG Crosshair VII Hero ATX AM4,81700,AM4,ATX,64 GB,4,Black
ASRock H61M-DGS Micro ATX LGA1155,15500,LGA1155,Micro ATX,16 GB,2,Black / Blue
Asus ROG STRIX X470-F Gaming ATX AM4,42600,AM4,ATX,64 GB,4,Black
MSI MPG B560I GAMING EDGE WIFI Mini ITX LGA1200,18500,LGA1200,Mini ITX,64 GB,2,Black
Gigabyte Z590 VISION G ATX LGA1200,65750,LGA1200,ATX,128 GB,4,Black / White
Gigabyte Z690I AORUS ULTRA DDR4 Mini ITX LGA1700,41700,LGA1700,Mini ITX,64 GB,2,Black / Silver
MSI 970 GAMING ATX AM3+,28800,AM3+,ATX,32 GB,4,Black / Red
MSI MPG Z390 GAMING PRO CARBON AC ATX LGA1151,48100,LGA1151,ATX,128 GB,4,Black / Silver
Asus PRIME Z590M-PLUS Micro ATX LGA1200,41600,LGA1200,Micro ATX,128 GB,4,Silver / Black
MSI MPG Z390 GAMING PRO CARBON ATX LGA1151,61450,LGA1151,ATX,128 GB,4,Black / Silver
MSI B365M PRO-VDH Micro ATX LGA1151,34650,LGA1151,Micro ATX,64 GB,4,Black / Silver
MSI MAG X570S TOMAHAWK MAX WIFI ATX AM4,44000,AM4,ATX,128 GB,4,Black
Gigabyte B550 GAMING X ATX AM4,29050,AM4,ATX,128 GB,4,Black / Silver
Gigabyte Z690 AERO G DDR4 ATX LGA1700,42150,LGA1700,ATX,128 GB,4,Black / Silver
MSI X58 Pro-E ATX LGA1366,19500,LGA1366,ATX,24 GB,6,Black / Blue
NZXT N7 Z490 ATX LGA1200,57400,LGA1200,ATX,128 GB,4,White / Black
Gigabyte A520I AC Mini ITX AM4,18950,AM4,Mini ITX,64 GB,2,Black
MSI B350 PC MATE ATX AM4,32400,AM4,ATX,64 GB,4,Black
Gigabyte B560M AORUS PRO Micro ATX LGA1200,21800,LGA1200,Micro ATX,128 GB,4,Black
ASRock Z590 Steel Legend WiFi 6E ATX LGA1200,56850,LGA1200,ATX,128 GB,4,Silver / Black
Asus ROG Crosshair VIII Extreme EATX AM4,87200,AM4,EATX,128 GB,4,Black
NZXT N7 Z590 ATX LGA1200,44100,LGA1200,ATX,128 GB,4,White
Gigabyte B550M DS3H Micro ATX AM4,40550,AM4,Micro ATX,128 GB,4,Black / Gold
Asus TUF GAMING Z590-PLUS ATX LGA1200,46400,LGA1200,ATX,128 GB,4,Silver / Black
Asus Prime B450M-A II Micro ATX AM4,29800,AM4,Micro ATX,128 GB,4,0
ASRock B550M-ITX/ac Mini ITX AM4,41600,AM4,Mini ITX,64 GB,2,Silver / Black
MSI B350 TOMAHAWK ATX AM4,36800,AM4,ATX,64 GB,4,Black / Red
NZXT N7 Z390 ATX LGA1151,45700,LGA1151,ATX,64 GB,4,White / Black
MSI MEG Z490I UNIFY Mini ITX LGA1200,55050,LGA1200,Mini ITX,64 GB,2,Black / Silver
Gigabyte GA-Z170-HD3P ATX LGA1151,33600,LGA1151,ATX,64 GB,4,Black
ASRock Z590 Pro4 ATX LGA1200,42700,LGA1200,ATX,128 GB,4,Silver / Black
Asus A88X-GAMER ATX FM2+,28850,FM2+,ATX,64 GB,4,Black / Red
Gigabyte Z690 AORUS MASTER EATX LGA1700,51200,LGA1700,EATX,128 GB,4,Black
ASRock Z390 Pro4 ATX LGA1151,59950,LGA1151,ATX,128 GB,4,Black / Silver
Gigabyte B560M DS3H Micro ATX LGA1200,20350,LGA1200,Micro ATX,128 GB,4,Black
Asus ROG STRIX Z590-I GAMING WIFI Mini ITX LGA1200,55700,LGA1200,Mini ITX,64 GB,2,Black
Gigabyte B560M AORUS PRO AX Micro ATX LGA1200,24350,LGA1200,Micro ATX,128 GB,4,Black / Silver
Asus ROG STRIX Z690-F GAMING WIFI ATX LGA1700,40600,LGA1700,ATX,128 GB,4,Black / Silver
ASRock B550M Steel Legend Micro ATX AM4,38450,AM4,Micro ATX,128 GB,4,Silver / Black
Gigabyte B450M DS3H V2 Micro ATX AM4,30900,AM4,Micro ATX,128 GB,4,Black
Gigabyte B550 AORUS PRO AC ATX AM4,22450,AM4,ATX,128 GB,4,Black / Orange
Gigabyte B450 AORUS ELITE V2 ATX AM4,28700,AM4,ATX,128 GB,4,Black
MSI MPG Z490 CARBON EK X ATX LGA1200,52800,LGA1200,ATX,128 GB,4,Black
ASRock B460M Steel Legend Micro ATX LGA1200,32400,LGA1200,Micro ATX,128 GB,4,Black / Silver
ASRock Z490 Phantom Gaming-ITX/TB3 Mini ITX LGA1200,71600,LGA1200,Mini ITX,64 GB,2,Black
MSI MPG Z590 GAMING CARBON WIFI ATX LGA1200,41000,LGA1200,ATX,128 GB,4,Black
Gigabyte B450M DS3H Micro ATX AM4,30900,AM4,Micro ATX,64 GB,4,Black / Silver
Asus MAXIMUS VIII HERO ATX LGA1151,89650,LGA1151,ATX,64 GB,4,Black / Red
Gigabyte Z490 AORUS ELITE AC ATX LGA1200,53850,LGA1200,ATX,128 GB,4,Black / Silver
Asus PRIME B450M-A/CSM Micro ATX AM4,25150,AM4,Micro ATX,64 GB,4,Black / Silver
ASRock X470 Taichi ATX AM4,36100,AM4,ATX,64 GB,4,Black / Silver
ASRock B550M/ac Micro ATX AM4,22650,AM4,Micro ATX,128 GB,4,Black / White
Asus TUF GAMING B550-PLUS ATX AM4,21500,AM4,ATX,128 GB,4,Black
Gigabyte GA-A320M-S2H Micro ATX AM4,17300,AM4,Micro ATX,32 GB,2,Black
Gigabyte B550 VISION D ATX AM4,31950,AM4,ATX,128 GB,4,White / Black
MSI H410M PRO-VH Micro ATX LGA1200,37700,LGA1200,Micro ATX,64 GB,2,Black / Silver
MSI Z370 GAMING PRO CARBON ATX LGA1151,56050,LGA1151,ATX,64 GB,4,Black
Gigabyte Z390 AORUS ULTRA ATX LGA1151,46350,LGA1151,ATX,128 GB,4,Black / Silver
Gigabyte TRX40 DESIGNARE XL ATX sTRX4,29200,sTRX4,XL ATX,256 GB,8,Black / Silver
Asus STRIX Z270-E GAMING ATX LGA1151,69800,LGA1151,ATX,64 GB,4,Black / Silver
Gigabyte GA-H61M-DS2 Micro ATX LGA1155,15100,LGA1155,Micro ATX,16 GB,2,Blue / White
MSI B450I GAMING PLUS MAX WIFI Mini ITX AM4,33950,AM4,Mini ITX,64 GB,2,Black
MSI A68HM-E33 V2 Micro ATX FM2+,22450,FM2+,Micro ATX,32 GB,2,Black
Gigabyte B450M DS3H WIFI Micro ATX AM4,36100,AM4,Micro ATX,64 GB,4,Brown / Black
MSI MPG Z490 GAMING CARBON WIFI ATX LGA1200,51300,LGA1200,ATX,128 GB,4,Black / Silver
Asus PRIME B250M-PLUS Micro ATX LGA1151,24150,LGA1151,Micro ATX,64 GB,4,Black / Red
MSI A520M-A PRO Micro ATX AM4,19850,AM4,Micro ATX,64 GB,2,Black
Asus Z97-PRO(Wi-Fi ac) ATX LGA1150,57550,LGA1150,ATX,32 GB,4,Black / Gold
Asus P8P67 LE (REV 3.0) ATX LGA1155,24950,LGA1155,ATX,32 GB,4,0
MSI MPG X570 GAMING PLUS ATX AM4,49450,AM4,ATX,128 GB,4,Black / Red
MSI X470 GAMING PLUS MAX ATX AM4,35000,AM4,ATX,64 GB,4,Black
Gigabyte Z590 AORUS XTREME EATX LGA1200,44400,LGA1200,EATX,128 GB,4,Black
Gigabyte Z590 AORUS PRO AX ATX LGA1200,52450,LGA1200,ATX,128 GB,4,Black
Gigabyte Z590 UD AC ATX LGA1200,59150,LGA1200,ATX,128 GB,4,Black
ASRock Z390 Phantom Gaming-ITX/ac Mini ITX LGA1151,62800,LGA1151,Mini ITX,64 GB,2,Black / Silver
Gigabyte Z390 I AORUS PRO WIFI Mini ITX LGA1151,51150,LGA1151,Mini ITX,64 GB,2,Black / Silver
Asus TUF Z270 MARK 2 ATX LGA1151,65050,LGA1151,ATX,64 GB,4,Black / Yellow
Asus STRIX X299-E GAMING ATX LGA2066,42650,LGA2066,ATX,128 GB,8,Black
Gigabyte Z590 AORUS MASTER ATX LGA1200,58200,LGA1200,ATX,128 GB,4,Black
Asus ROG STRIX Z390-I GAMING Mini ITX LGA1151,61050,LGA1151,Mini ITX,64 GB,2,Black / Silver
ASRock B560M Steel Legend Micro ATX LGA1200,27750,LGA1200,Micro ATX,128 GB,4,Silver / Black
MSI B460M PRO-VDH WIFI Micro ATX LGA1200,39000,LGA1200,Micro ATX,128 GB,4,Black
Asus TUF B450M-PLUS GAMING Micro ATX AM4,22850,AM4,Micro ATX,64 GB,4,Black / Gold
ASRock Z490 Extreme4 ATX LGA1200,63300,LGA1200,ATX,128 GB,4,Black / Silver
Gigabyte GA-990FX-Gaming ATX AM3+,44650,AM3+,ATX,32 GB,4,Black / Red
ASRock Fatal1ty X470 Gaming-ITX/ac Mini ITX AM4,28650,AM4,Mini ITX,32 GB,2,Black / Silver
Asus PRIME Z590-A ATX LGA1200,64500,LGA1200,ATX,128 GB,4,Silver / Black
Asus PRIME B460I-PLUS Mini ITX LGA1200,36000,LGA1200,Mini ITX,64 GB,2,Silver / Black
ASRock H370M-ITX/ac Mini ITX LGA1151,24450,LGA1151,Mini ITX,32 GB,2,Black / Silver
Asus TUF GAMING Z490-PLUS (WI-FI) ATX LGA1200,64900,LGA1200,ATX,128 GB,4,Black
Asus Maximus VI Hero ATX LGA1150,94600,LGA1150,ATX,32 GB,4,0
Asus PRIME Z370-A II ATX LGA1151,63000,LGA1151,ATX,64 GB,4,Black / Silver
Gigabyte X470 AORUS GAMING 7 WIFI ATX AM4,40250,AM4,ATX,64 GB,4,Black / Orange
Asus ROG Crosshair VIII Formula ATX AM4,82750,AM4,ATX,128 GB,4,Black
ASRock B450M-HDV R4.0 Micro ATX AM4,31850,AM4,Micro ATX,32 GB,2,Black / White
Gigabyte B550 VISION D-P ATX AM4,49000,AM4,ATX,128 GB,4,White / Black
Asus ROG Strix X399-E Gaming EATX sTR4,23850,sTR4,EATX,128 GB,8,Black
Asus PRIME Z270-K ATX LGA1151,69050,LGA1151,ATX,64 GB,4,Black / White
ASRock Z590 Extreme ATX LGA1200,59900,LGA1200,ATX,128 GB,4,Black / Blue
MSI B250 PC MATE ATX LGA1151,19900,LGA1151,ATX,64 GB,4,Black / White
Gigabyte B460M DS3H AC Micro ATX LGA1200,39600,LGA1200,Micro ATX,128 GB,4,Black / Silver
ASRock B550 Pro4 ATX AM4,27500,AM4,ATX,128 GB,4,Silver / Black
MSI B450M PRO-M2 MAX Micro ATX AM4,25450,AM4,Micro ATX,32 GB,2,Black
Asus PRIME Z270-AR ATX LGA1151,75050,LGA1151,ATX,64 GB,4,Black / White
MSI B450 GAMING PRO CARBON AC ATX AM4,20700,AM4,ATX,64 GB,4,Black
ASRock Z590M-ITX/ax Mini ITX LGA1200,66300,LGA1200,Mini ITX,64 GB,2,Silver / Black
Gigabyte B550M AORUS PRO-P Micro ATX AM4,32100,AM4,Micro ATX,128 GB,4,Black
MSI B360M MORTAR Micro ATX LGA1151,39250,LGA1151,Micro ATX,64 GB,4,Black
Gigabyte H470M DS3H Micro ATX LGA1200,54050,LGA1200,Micro ATX,128 GB,4,Black / Silver
Gigabyte B450 AORUS ELITE ATX AM4,21850,AM4,ATX,64 GB,4,Black / Silver
Asus M5A99X EVO R2.0 ATX AM3+,16850,AM3+,ATX,32 GB,4,Black / Blue
Asus PRIME Z590-P ATX LGA1200,55150,LGA1200,ATX,128 GB,4,Silver / Black
Gigabyte B450 AORUS M Micro ATX AM4,31250,AM4,Micro ATX,64 GB,4,Black / Gray
Gigabyte X570 AORUS XTREME EATX AM4,37650,AM4,EATX,128 GB,4,Black / Silver
ASRock Fatal1ty B450 Gaming-ITX/ac Mini ITX AM4,26600,AM4,Mini ITX,64 GB,2,Black / Silver
MSI B85-G43 GAMING ATX LGA1150,31650,LGA1150,ATX,32 GB,4,Black / Red
Asus ROG STRIX X570-E GAMING WIFI II ATX AM4,40500,AM4,ATX,128 GB,4,Black
Asus PRIME B365M-A Micro ATX LGA1151,29050,LGA1151,Micro ATX,64 GB,4,Black / Silver
Asus TUF GAMING B550M-ZAKU (WI-FI) Micro ATX AM4,23750,AM4,Micro ATX,128 GB,4,Black / Red
Gigabyte B360 AORUS GAMING 3 ATX LGA1151,35150,LGA1151,ATX,64 GB,4,Black / Orange
Asus Crosshair V Formula-Z ATX AM3+,73700,AM3+,ATX,32 GB,4,Black / Red
ASRock X570 Phantom Gaming 4 ATX AM4,36350,AM4,ATX,128 GB,4,Black / Silver
Asus TUF B365M-PLUS GAMING Micro ATX LGA1151,28300,LGA1151,Micro ATX,64 GB,4,Black / Yellow
Gigabyte B460M DS3H Micro ATX LGA1200,35950,LGA1200,Micro ATX,128 GB,4,Black / Silver
Gigabyte X570S AORUS MASTER ATX AM4,34650,AM4,ATX,128 GB,4,Black / Silver
Gigabyte B450M S2H Micro ATX AM4,36950,AM4,Micro ATX,32 GB,2,Black
ASRock B550 PG Velocita ATX AM4,37150,AM4,ATX,128 GB,4,Silver / Black
Gigabyte TRX40 AORUS XTREME XL ATX sTRX4,23650,sTRX4,XL ATX,256 GB,8,Black / Silver
ASRock B550 Extreme4 ATX AM4,35650,AM4,ATX,128 GB,4,Blue / Black
Gigabyte GA-AB350-GAMING 3 ATX AM4,36300,AM4,ATX,64 GB,4,Black / Red
ASRock X570 Steel Legend WiFi ax ATX AM4,40800,AM4,ATX,128 GB,4,Black / Silver
Asus TUF GAMING B550-PRO ATX AM4,33000,AM4,ATX,128 GB,4,Black
Asus ROG ZENITH EXTREME EATX sTR4,34700,sTR4,EATX,128 GB,8,Black / Silver
MSI MAG B460 TOMAHAWK ATX LGA1200,33850,LGA1200,ATX,128 GB,4,Black / Silver
Asus PRIME H410M-E Micro ATX LGA1200,32500,LGA1200,Micro ATX,64 GB,2,Black
Intel DH77EB Micro ATX LGA1155,23650,LGA1155,Micro ATX,32 GB,4,Black / Blue
Gigabyte Z390 AORUS PRO ATX LGA1151,55350,LGA1151,ATX,128 GB,4,Black / Silver
MSI Z370 SLI PLUS ATX LGA1151,66800,LGA1151,ATX,64 GB,4,Black / Gray
Gigabyte X299 DESIGNARE EX ATX LGA2066,24300,LGA2066,ATX,128 GB,8,Black / Silver
ASRock Z370 Killer SLI/ac ATX LGA1151,59600,LGA1151,ATX,64 GB,4,Black / Silver
Asus ROG STRIX Z490-F GAMING ATX LGA1200,67350,LGA1200,ATX,128 GB,4,Black
Gigabyte B550 GAMING X V2 ATX AM4,38500,AM4,ATX,128 GB,4,Black
Asus TUF GAMING Z490-PLUS ATX LGA1200,57850,LGA1200,ATX,128 GB,4,Black
Asus ROG STRIX B350-I GAMING Mini ITX AM4,36750,AM4,Mini ITX,32 GB,2,Black / Silver
MSI B150M MORTAR ARCTIC Micro ATX LGA1151,24100,LGA1151,Micro ATX,64 GB,4,White
ASRock B550 Phantom Gaming-ITX/ax Mini ITX AM4,35250,AM4,Mini ITX,64 GB,2,Silver / Black
Gigabyte X299 UD4 Pro ATX LGA2066,22900,LGA2066,ATX,128 GB,8,Black
MSI Z97-GAMING 5 ATX LGA1150,63000,LGA1150,ATX,32 GB,4,Black / Red
Asus MAXIMUS IX HERO ATX LGA1151,107750,LGA1151,ATX,64 GB,4,Black / Silver
Asus TUF GAMING B550M-PLUS Micro ATX AM4,20400,AM4,Micro ATX,128 GB,4,Black
MSI B450 Gaming Plus MAX ATX AM4,21900,AM4,ATX,64 GB,4,Red / Black
Asus A68HM-Plus Micro ATX FM2+,21450,FM2+,Micro ATX,32 GB,2,Black
Asus Prime Z590-P WiFi ATX LGA1200,50400,LGA1200,ATX,128 GB,4,Black / Silver
MSI MAG B560M MORTAR Micro ATX LGA1200,18350,LGA1200,Micro ATX,128 GB,4,Black
EVGA Z390 FTW ATX LGA1151,56200,LGA1151,ATX,128 GB,4,Black / Silver
MSI MAG Z490 TOMAHAWK ATX LGA1200,52800,LGA1200,ATX,128 GB,4,Black / Silver
Asus Z170 PRO GAMING ATX LGA1151,38600,LGA1151,ATX,64 GB,4,Black / Red
Asus Z170-A ATX LGA1151,34100,LGA1151,ATX,64 GB,4,Black / White
Asus ROG Strix Z370-H Gaming ATX LGA1151,71650,LGA1151,ATX,64 GB,4,Black / Red
Gigabyte Z590 AORUS ULTRA ATX LGA1200,40600,LGA1200,ATX,128 GB,4,Black
Gigabyte Z390 GAMING X ATX LGA1151,58050,LGA1151,ATX,128 GB,4,Black / Red
ASRock B550 Taichi ATX AM4,31900,AM4,ATX,128 GB,4,Gold / Black
Asus H97I-PLUS Mini ITX LGA1150,23000,LGA1150,Mini ITX,16 GB,2,Black / Gold
MSI MAG B560M MORTAR WIFI Micro ATX LGA1200,25100,LGA1200,Micro ATX,128 GB,4,Black / White
ASRock H170M-ITX/ac Mini ITX LGA1151,24050,LGA1151,Mini ITX,32 GB,2,Black / Red
Asus ROG MAXIMUS XI HERO (WI-FI) ATX LGA1151,97700,LGA1151,ATX,128 GB,4,Black
ASRock H510M-HVS Micro ATX LGA1200,40000,LGA1200,Micro ATX,64 GB,2,Silver / Black
ASRock B550 Steel Legend ATX AM4,27950,AM4,ATX,128 GB,4,Silver / Black
Gigabyte Z390 UD ATX LGA1151,47250,LGA1151,ATX,128 GB,4,Black / Silver
Gigabyte Z590 GAMING X ATX LGA1200,41900,LGA1200,ATX,128 GB,4,Black / Silver
MSI MAG B560 TORPEDO ATX LGA1200,26400,LGA1200,ATX,128 GB,4,Black / Blue
ASRock B560M-HDV Micro ATX LGA1200,29650,LGA1200,Micro ATX,64 GB,2,Silver / Black
Asus TUF GAMING B560-PLUS WIFI ATX LGA1200,18950,LGA1200,ATX,128 GB,4,Black
Intel DZ77GAL-70K ATX LGA1155,16400,LGA1155,ATX,32 GB,4,Black / Blue
Asus P8H77-M PRO Micro ATX LGA1155,20600,LGA1155,Micro ATX,32 GB,4,0
MSI B450 TOMAHAWK MAX II ATX AM4,34100,AM4,ATX,128 GB,4,Black / Silver
ASRock Z590M Pro4 Micro ATX LGA1200,61000,LGA1200,Micro ATX,128 GB,4,Silver / Black
Asus Z170-DELUXE ATX LGA1151,38050,LGA1151,ATX,64 GB,4,Black / White
MSI Z170A SLI PLUS ATX LGA1151,35250,LGA1151,ATX,64 GB,4,Black / Silver
MSI B450M PRO-VDH PLUS Micro ATX AM4,24200,AM4,Micro ATX,64 GB,4,Black
MSI Z370 GAMING M5 ATX LGA1151,47350,LGA1151,ATX,64 GB,4,Black
ASRock H510M-HDV Micro ATX LGA1200,35500,LGA1200,Micro ATX,64 GB,2,Silver / Black
ASRock H570M-ITX/ac Mini ITX LGA1200,41350,LGA1200,Mini ITX,64 GB,2,Silver / Black
MSI B350 TOMAHAWK ARCTIC ATX AM4,32050,AM4,ATX,64 GB,4,White
Gigabyte GA-AB350N-Gaming WIFI (rev. 1.0) Mini ITX AM4,32450,AM4,Mini ITX,32 GB,2,Black / Red
Gigabyte B560M DS3H AC Micro ATX LGA1200,24800,LGA1200,Micro ATX,128 GB,4,Black
Gigabyte Z590 UD ATX LGA1200,47600,LGA1200,ATX,128 GB,4,Black
Gigabyte Z490 AORUS MASTER ATX LGA1200,70400,LGA1200,ATX,128 GB,4,Black / Silver
Gigabyte GA-Z170XP-SLI ATX LGA1151,36050,LGA1151,ATX,64 GB,4,Black / Red
ASRock B250M Pro4 Micro ATX LGA1151,25000,LGA1151,Micro ATX,64 GB,4,Black / White
Asus ROG STRIX Z490-I GAMING Mini ITX LGA1200,62650,LGA1200,Mini ITX,64 GB,2,Black
MSI MAG B550M MORTAR Micro ATX AM4,50800,AM4,Micro ATX,128 GB,4,Black / Silver
Asus Strix B550-XE Gaming WiFi ATX AM4,56000,AM4,ATX,128 GB,4,Black
MSI H510M-A PRO Micro ATX LGA1200,31000,LGA1200,Micro ATX,64 GB,2,Black
Asus Z87-Pro ATX LGA1150,21700,LGA1150,ATX,32 GB,4,Black / Gold
MSI Z270I GAMING PRO CARBON AC Mini ITX LGA1151,70450,LGA1151,Mini ITX,32 GB,2,Black / Silver
MSI B560M PRO Micro ATX LGA1200,20500,LGA1200,Micro ATX,64 GB,2,Black
MSI Z97 PC MATE ATX LGA1150,49450,LGA1150,ATX,32 GB,4,Black / Blue
ASRock B365M-HDV Micro ATX LGA1151,28650,LGA1151,Micro ATX,32 GB,2,Black / Silver
MSI X570-A PRO ATX AM4,46550,AM4,ATX,128 GB,4,Black / Silver
ASRock H110M-ITX Mini ITX LGA1151,27150,LGA1151,Mini ITX,32 GB,2,Black / Orange
ASRock B450M/AC Micro ATX AM4,34100,AM4,Micro ATX,64 GB,4,Black
Asus ROG Strix X299-E Gaming II ATX LGA2066,23150,LGA2066,ATX,256 GB,8,Black
MSI B550M PRO Micro ATX AM4,51550,AM4,Micro ATX,64 GB,2,Black
Gigabyte GA-H270N-WIFI Mini ITX LGA1151,18050,LGA1151,Mini ITX,32 GB,2,Black / Silver
Gigabyte B550M AORUS PRO AX Micro ATX AM4,22950,AM4,Micro ATX,128 GB,4,Black / Silver
ASRock B450M Pro4 Micro ATX AM4,20550,AM4,Micro ATX,64 GB,4,Black / Silver
Gigabyte GA-H110N Mini ITX LGA1151,17200,LGA1151,Mini ITX,32 GB,2,Black / Silver
Intel DQ45EK Mini ITX LGA775,23000,LGA775,Mini ITX,4 GB,2,Green / Blue
MSI B250M BAZOOKA Micro ATX LGA1151,26450,LGA1151,Micro ATX,64 GB,4,Black / Gray
MSI FM2-A75MA-E35 Micro ATX FM2,18600,FM2,Micro ATX,16 GB,2,Black / Blue
Asus PRIME Z490-P ATX LGA1200,59000,LGA1200,ATX,128 GB,4,Black / Silver
EVGA Z390 DARK EATX LGA1151,58300,LGA1151,EATX,64 GB,2,Black / Gold
MSI Z97-Gaming 3 ATX LGA1150,46650,LGA1150,ATX,32 GB,4,Black / Red
Gigabyte B460 AORUS PRO AC ATX LGA1200,40400,LGA1200,ATX,128 GB,4,Black / Silver
Gigabyte B550 AORUS PRO AX ATX AM4,29050,AM4,ATX,128 GB,4,Black
Gigabyte Z490 AORUS ULTRA ATX LGA1200,66350,LGA1200,ATX,128 GB,4,Black / Silver
Asus TUF Z390-PLUS GAMING (WI-FI) ATX LGA1151,60550,LGA1151,ATX,128 GB,4,Black / Gold
Asus Rampage IV Black Edition EATX LGA2011,65000,LGA2011,EATX,128 GB,8,Black / Red
Asus TUF X470-PLUS GAMING ATX AM4,26050,AM4,ATX,64 GB,4,Black
MSI B350M BAZOOKA Micro ATX AM4,32300,AM4,Micro ATX,64 GB,4,Black / White
Asus ROG STRIX Z390-H GAMING ATX LGA1151,51500,LGA1151,ATX,128 GB,4,Black / Red
Asus ROG STRIX Z390-F GAMING ATX LGA1151,54900,LGA1151,ATX,128 GB,4,Black
Gigabyte A520M AORUS ELITE Micro ATX AM4,24150,AM4,Micro ATX,128 GB,4,Black / Orange
Gigabyte Z390 AORUS MASTER ATX LGA1151,64200,LGA1151,ATX,128 GB,4,Black / Silver
Asus PRIME B460M-A Micro ATX LGA1200,33100,LGA1200,Micro ATX,128 GB,4,Silver / Black
Asus ROG STRIX B360-I GAMING Mini ITX LGA1151,36950,LGA1151,Mini ITX,32 GB,2,Black / Silver
Gigabyte GA-H77N-WIFI Mini ITX LGA1155,26650,LGA1155,Mini ITX,16 GB,2,Black / Silver
ASRock X370 KILLER SLI/ac ATX AM4,41300,AM4,ATX,64 GB,4,Black / White
Asus PRIME B550-PLUS ATX AM4,22000,AM4,ATX,128 GB,4,Black / White
Asus ROG STRIX H470-I GAMING Mini ITX LGA1200,33400,LGA1200,Mini ITX,64 GB,2,Black
Asus H170 PRO GAMING ATX LGA1151,25900,LGA1151,ATX,64 GB,4,Black / Red
Gigabyte GA-B75M-D3H Micro ATX LGA1155,24650,LGA1155,Micro ATX,32 GB,4,Blue / White
Gigabyte Z370P D3 ATX LGA1151,61400,LGA1151,ATX,64 GB,4,Black / Silver
MSI MEG Z590 GODLIKE EATX LGA1200,50400,LGA1200,EATX,128 GB,4,Black / Silver
Gigabyte X570 UD ATX AM4,42750,AM4,ATX,128 GB,4,Black / Silver
Gigabyte GA-Z97-D3H ATX LGA1150,61950,LGA1150,ATX,32 GB,4,Black / Gold
Asus PRIME B460-PLUS ATX LGA1200,38800,LGA1200,ATX,128 GB,4,Silver / Black
ASRock B365M Pro4 Micro ATX LGA1151,34850,LGA1151,Micro ATX,64 GB,4,Black / Silver
ASRock B560 Pro4 ATX LGA1200,28550,LGA1200,ATX,128 GB,4,Silver / Black
MSI H310M PRO-VDH PLUS Micro ATX LGA1151,20850,LGA1151,Micro ATX,32 GB,2,Black
MSI MAG B550 TORPEDO ATX AM4,57150,AM4,ATX,128 GB,4,Black
Asus Z170 PRO GAMING/AURA ATX LGA1151,36000,LGA1151,ATX,64 GB,4,Black / Silver
Asus Z170-K ATX LGA1151,37050,LGA1151,ATX,64 GB,4,Black / Gold
Asus ROG MAXIMUS XI FORMULA ATX LGA1151,94700,LGA1151,ATX,128 GB,4,Black
Gigabyte Z590 AORUS ELITE AX ATX LGA1200,66400,LGA1200,ATX,128 GB,4,Black
Gigabyte H410M S2H Micro ATX LGA1200,46800,LGA1200,Micro ATX,64 GB,2,Black / Silver
Gigabyte B550 AORUS PRO ATX AM4,47450,AM4,ATX,128 GB,4,Black / Orange
ASRock B450 Pro4 R2.0 ATX AM4,20700,AM4,ATX,128 GB,4,Black
ASRock B450 Pro4 ATX AM4,22950,AM4,ATX,64 GB,4,Black / Silver
ASRock X470 Taichi Ultimate ATX AM4,42250,AM4,ATX,64 GB,4,Silver / Black
MSI PRESTIGE X570 CREATION EATX AM4,35550,AM4,EATX,128 GB,4,Black / Silver
ASRock B450M Pro4-F Micro ATX AM4,29950,AM4,Micro ATX,64 GB,4,Black / Silver
Asus PRIME B360M-A Micro ATX LGA1151,36500,LGA1151,Micro ATX,64 GB,4,Silver / Black
ASRock Z370 Taichi ATX LGA1151,55550,LGA1151,ATX,64 GB,4,Black / Silver
ASRock Z97 Extreme6 ATX LGA1150,63950,LGA1150,ATX,32 GB,4,Black / Blue
ASRock B460 Pro4 ATX LGA1200,44550,LGA1200,ATX,128 GB,4,Black / Silver
MSI B450M MORTAR Micro ATX AM4,21600,AM4,Micro ATX,64 GB,4,Black
ASRock B550M Phantom Gaming 4 Micro ATX AM4,27800,AM4,Micro ATX,128 GB,4,Black
MSI MAG B460 TORPEDO ATX LGA1200,31450,LGA1200,ATX,128 GB,4,Black
Asus TUF GAMING B460M-PLUS (WI-FI) Micro ATX LGA1200,40000,LGA1200,Micro ATX,128 GB,4,Black / Gold
MSI Z590-A PRO ATX LGA1200,51300,LGA1200,ATX,128 GB,4,Black
Gigabyte B550 AORUS MASTER ATX AM4,54050,AM4,ATX,128 GB,4,Black / Silver
ASRock A520M-ITX/ac Mini ITX AM4,23650,AM4,Mini ITX,64 GB,2,Black / Silver
ASRock X570 Pro4 ATX AM4,43350,AM4,ATX,128 GB,4,Black / Silver
MSI Z170A KRAIT GAMING ATX LGA1151,36150,LGA1151,ATX,64 GB,4,Black / White
Asus TUF Z370 Plus Gaming ATX LGA1151,44400,LGA1151,ATX,64 GB,4,Black / Yellow
ASRock X370 Pro4 ATX AM4,41350,AM4,ATX,64 GB,4,Black / White
MSI Z270 GAMING PRO CARBON ATX LGA1151,67000,LGA1151,ATX,64 GB,4,Black / Silver
Biostar B560GTQ Micro ATX LGA1200,25200,LGA1200,Micro ATX,128 GB,4,Blue / Black
Asus TUF GAMING B450-PLUS II ATX AM4,32050,AM4,ATX,128 GB,4,Black
Gigabyte Z490 AORUS PRO AX ATX LGA1200,50450,LGA1200,ATX,128 GB,4,Black / Silver
MSI B450I GAMING PLUS AC Mini ITX AM4,19900,AM4,Mini ITX,64 GB,2,Black / Red
Asus TUF GAMING B460M-PLUS Micro ATX LGA1200,41300,LGA1200,Micro ATX,128 GB,4,Black / Gold
ASRock B365M Phantom Gaming 4 Micro ATX LGA1151,30900,LGA1151,Micro ATX,128 GB,4,Black / Red
Asus H81I-PLUS Mini ITX LGA1150,19750,LGA1150,Mini ITX,16 GB,2,Black / Gold
Asus ROG MAXIMUS XI EXTREME EATX LGA1151,86650,LGA1151,EATX,128 GB,4,Black
Asus ROG STRIX X99 GAMING ATX LGA2011-3,40200,LGA2011-3,ATX,128 GB,8,Black
Gigabyte B550 AORUS ELITE ATX AM4,41050,AM4,ATX,128 GB,4,Black / Silver
Asus PRIME B450M-A Micro ATX AM4,34350,AM4,Micro ATX,64 GB,4,Black
Gigabyte GA-Z270XP-SLI ATX LGA1151,70750,LGA1151,ATX,64 GB,4,Black / Red
Asus M5A78L-M LX PLUS Micro ATX AM3+,21900,AM3+,Micro ATX,16 GB,2,Black / Blue
Gigabyte B360N WIFI Mini ITX LGA1151,39000,LGA1151,Mini ITX,32 GB,2,Black
Gigabyte GA-A320M-H Micro ATX AM4,13550,AM4,Micro ATX,32 GB,2,Black
Colorful CVN B460I GAMING FROZEN V20 Mini ITX LGA1200,35350,LGA1200,Mini ITX,64 GB,2,White / Black
MSI X299 RAIDER ATX LGA2066,20200,LGA2066,ATX,128 GB,8,Black / Silver
Asus ROG ZENITH EXTREME ALPHA EATX sTR4,33100,sTR4,EATX,128 GB,8,Black
ASRock X570 Phantom Gaming-ITX/TB3 Mini ITX AM4,38200,AM4,Mini ITX,64 GB,2,Black / Silver
Asus PRIME H410I-PLUS/CSM Mini ITX LGA1200,35200,LGA1200,Mini ITX,64 GB,2,Black
Gigabyte A520 AORUS ELITE ATX AM4,17750,AM4,ATX,128 GB,4,Black / Orange
ASRock Z270 Pro4 ATX LGA1151,62350,LGA1151,ATX,64 GB,4,Black / White
Asus Z590 WIFI GUNDAM EDITION ATX LGA1200,52300,LGA1200,ATX,128 GB,4,Black / White
MSI Z270 GAMING M7 ATX LGA1151,77000,LGA1151,ATX,64 GB,4,Black / Silver
Biostar A320MH Micro ATX AM4,18300,AM4,Micro ATX,32 GB,2,Black / Yellow
Gigabyte GA-Z170X-Designare ATX LGA1151,37800,LGA1151,ATX,64 GB,4,Black / Blue
MSI MEG Z390 ACE ATX LGA1151,49150,LGA1151,ATX,128 GB,4,Black / Silver
Gigabyte GA-78LMT-USB3 Micro ATX AM3+,18400,AM3+,Micro ATX,32 GB,4,Blue / White
Asus PRIME H470-PLUS ATX LGA1200,29500,LGA1200,ATX,128 GB,4,Black / White
Asus Pro WS X570-ACE ATX AM4,34700,AM4,ATX,128 GB,4,Black
Asus ROG ZENITH II EXTREME ALPHA EATX sTRX4,30150,sTRX4,EATX,256 GB,8,Black / Silver
Asus Sabertooth Z77 ATX LGA1155,12600,LGA1155,ATX,32 GB,4,Brown / Black
Asus CROSSHAIR VI HERO ATX AM4,79200,AM4,ATX,64 GB,4,Black
Asus Sabertooth 990FX R2.0 ATX AM3+,26900,AM3+,ATX,32 GB,4,Brown / Black
Biostar H77MU3 Micro ATX LGA1155,28200,LGA1155,Micro ATX,32 GB,4,Black / Red
Asus X99-E WS/USB 3.1 SSI CEB LGA2011-3,30550,LGA2011-3,SSI CEB,128 GB,8,Black / Silver
Asus ROG Strix Z370-I Gaming Mini ITX LGA1151,54700,LGA1151,Mini ITX,32 GB,2,Black / Silver
ASRock B365 Phantom Gaming 4 ATX LGA1151,28850,LGA1151,ATX,128 GB,4,Black / Red
Gigabyte GA-AB350-Gaming ATX AM4,42250,AM4,ATX,64 GB,4,Black / Red
ASRock Z370 Extreme4 ATX LGA1151,58600,LGA1151,ATX,64 GB,4,Black / Silver
ASRock X570 Steel Legend ATX AM4,39300,AM4,ATX,128 GB,4,Black / Silver
Asus B150M-A D3 Micro ATX LGA1151,17550,LGA1151,Micro ATX,64 GB,4,Black / Gold
MSI Z97-GAMING 7 ATX LGA1150,63100,LGA1150,ATX,32 GB,4,Black / Red
MSI B450M MORTAR TITANIUM Micro ATX AM4,20600,AM4,Micro ATX,64 GB,4,White
Biostar X470GTQ Micro ATX AM4,45100,AM4,Micro ATX,64 GB,4,Black / Silver
MSI Z370 GAMING PLUS ATX LGA1151,67650,LGA1151,ATX,64 GB,4,Black / Red
Gigabyte GA-970A-DS3P FX (rev. 2.1) ATX AM3+/AM3,34700,AM3+/AM3,ATX,32 GB,4,Black / Gray
MSI B350M GAMING PRO Micro ATX AM4,32550,AM4,Micro ATX,32 GB,2,Black / Red
Gigabyte GA-Z97P-D3 ATX LGA1150,62200,LGA1150,ATX,32 GB,4,Black / Gold
Gigabyte Z390 AORUS ELITE ATX LGA1151,52200,LGA1151,ATX,128 GB,4,Black / Silver
Asus Z170I PRO GAMING Mini ITX LGA1151,33500,LGA1151,Mini ITX,32 GB,2,Black / Red
Gigabyte Z490M Micro ATX LGA1200,63050,LGA1200,Micro ATX,128 GB,4,Black / Silver
Asus ROG STRIX B460-F GAMING ATX LGA1200,30900,LGA1200,ATX,128 GB,4,Black / Silver
ASRock Z390 STEEL LEGEND ATX LGA1151,62850,LGA1151,ATX,128 GB,4,Silver / Black
Gigabyte H370 HD3 ATX LGA1151,19300,LGA1151,ATX,64 GB,4,Black / Silver
Asus TUF GAMING B450M-PLUS II Micro ATX AM4,35750,AM4,Micro ATX,128 GB,4,Black
Asus B150M-A Micro ATX LGA1151,25550,LGA1151,Micro ATX,64 GB,4,Black / Gold
MSI B460M PRO Micro ATX LGA1200,40450,LGA1200,Micro ATX,64 GB,2,Black
Gigabyte GA-Z270P-D3 ATX LGA1151,61950,LGA1151,ATX,64 GB,4,Black / Gold
ASRock A320M-HDV R4.0 Micro ATX AM4,12750,AM4,Micro ATX,32 GB,2,Black / White
Gigabyte Z370 AORUS ULTRA GAMING 2.0 ATX LGA1151,73700,LGA1151,ATX,64 GB,4,Black / Silver
Asus ROG MAXIMUS XI HERO ATX LGA1151,87400,LGA1151,ATX,128 GB,4,Black / Silver
Asus ROG MAXIMUS XII EXTREME EATX LGA1200,116300,LGA1200,EATX,128 GB,4,Black
Asus TUF X299 MARK 2 ATX LGA2066,25450,LGA2066,ATX,128 GB,8,Black
Asus H110M-C/CSM Micro ATX LGA1151,16950,LGA1151,Micro ATX,32 GB,2,Black / Gold
ASRock B460M-ITX/ac Mini ITX LGA1200,31200,LGA1200,Mini ITX,64 GB,2,Black / Silver
MSI MAG Z390 TOMAHAWK ATX LGA1151,61700,LGA1151,ATX,128 GB,4,Black / Silver
Gigabyte GA-B250M-DS3H Micro ATX LGA1151,23400,LGA1151,Micro ATX,64 GB,4,Black / Gold
Gigabyte GA-Z68XP-UD4 ATX LGA1155,20400,LGA1155,ATX,32 GB,4,Black / Silver
Asus PRIME H570M-PLUS/CSM Micro ATX LGA1200,25100,LGA1200,Micro ATX,128 GB,4,Black / Silver
MSI B360M PRO-VDH Micro ATX LGA1151,38250,LGA1151,Micro ATX,64 GB,4,Black
MSI Z77A-G41 ATX LGA1155,16850,LGA1155,ATX,32 GB,4,Black / Blue
MSI Z68A-GD65 (G3) ATX LGA1155,29950,LGA1155,ATX,32 GB,4,Black / Blue
Gigabyte GA-AB350M-DS3H Micro ATX AM4,44600,AM4,Micro ATX,64 GB,4,Black
Asus ROG Strix H370-I Gaming Mini ITX LGA1151,42500,LGA1151,Mini ITX,32 GB,2,Black / Silver
Asus 970 PRO GAMING/AURA ATX AM3+,31300,AM3+,ATX,32 GB,4,Black / Red
Asus Z87-A ATX LGA1150,18100,LGA1150,ATX,32 GB,4,Black / Gold
ASRock B550M-HDV Micro ATX AM4,40250,AM4,Micro ATX,64 GB,2,Black
Asus ROG MAXIMUS XI CODE ATX LGA1151,104150,LGA1151,ATX,128 GB,4,Black
ASRock B550 Taichi Razer Edition ATX AM4,25650,AM4,ATX,128 GB,4,Black / Silver
Gigabyte Z390 M GAMING Micro ATX LGA1151,54450,LGA1151,Micro ATX,128 GB,4,Black / Red
ASRock A520M/ac Micro ATX AM4,24950,AM4,Micro ATX,64 GB,2,Black / Silver
Asus H110I-PLUS Mini ITX LGA1151,20400,LGA1151,Mini ITX,32 GB,2,Black / Gold
ASRock X399M Taichi Micro ATX sTR4,17350,sTR4,Micro ATX,64 GB,4,Black
Asus PRIME Z490M-PLUS Micro ATX LGA1200,70500,LGA1200,Micro ATX,128 GB,4,Black / White
MSI Z370-A PRO ATX LGA1151,68800,LGA1151,ATX,64 GB,4,Brown / Black
ASRock Z97 Extreme4 ATX LGA1150,56300,LGA1150,ATX,32 GB,4,Black / Blue
MSI MEG X570 GODLIKE EATX AM4,43200,AM4,EATX,128 GB,4,Black
ASRock B460M Pro4 Micro ATX LGA1200,38600,LGA1200,Micro ATX,128 GB,4,Black / Silver
Gigabyte Z590 VISION D ATX LGA1200,57250,LGA1200,ATX,128 GB,4,Black / White
Asus STRIX B250I GAMING Mini ITX LGA1151,24350,LGA1151,Mini ITX,32 GB,2,Black
Gigabyte GA-X79-UD3 ATX LGA2011,72000,LGA2011,ATX,32 GB,4,Black
ASRock X299M Extreme4 Micro ATX LGA2066,34450,LGA2066,Micro ATX,64 GB,4,Black / Silver
MSI Creator X299 EATX LGA2066,29650,LGA2066,EATX,256 GB,8,Black / Silver
MSI MEG X299 CREATION EATX LGA2066,28550,LGA2066,EATX,128 GB,8,Black
Asus PRIME X570-P/CSM ATX AM4,47500,AM4,ATX,128 GB,4,Black / Silver
Gigabyte GA-Z87X-UD4H ATX LGA1150,18400,LGA1150,ATX,32 GB,4,Black / Red
Asus ROG MAXIMUS X CODE ATX LGA1151,100300,LGA1151,ATX,64 GB,4,Black
MSI H61M-P31 (G3) Micro ATX LGA1155,22850,LGA1155,Micro ATX,16 GB,2,Black / Blue
Gigabyte B365M DS3H Micro ATX LGA1151,27300,LGA1151,Micro ATX,64 GB,4,Black
Asus X99-DELUXE ATX LGA2011-3,31100,LGA2011-3,ATX,64 GB,8,Black / White
Gigabyte GA-Z97X-Gaming GT ATX LGA1150,54950,LGA1150,ATX,32 GB,4,Black / Red
EVGA Z370 FTW ATX LGA1151,57600,LGA1151,ATX,64 GB,4,Black
MSI H510M PRO Micro ATX LGA1200,51650,LGA1200,Micro ATX,64 GB,2,Beige
Intel DH61CRB3 Micro ATX LGA1155,19900,LGA1155,Micro ATX,8 GB,2,Green / Blue
MSI MEG Z390 GODLIKE EATX LGA1151,58200,LGA1151,EATX,128 GB,4,Black
Gigabyte A520M DS3H AC Micro ATX AM4,19200,AM4,Micro ATX,128 GB,4,Black
Asus ROG STRIX B450-E GAMING ATX AM4,23350,AM4,ATX,64 GB,4,Black
MSI B250M MORTAR Micro ATX LGA1151,25150,LGA1151,Micro ATX,64 GB,4,Black / Red
Asus PRIME H510M-A/CSM Micro ATX LGA1200,29000,LGA1200,Micro ATX,64 GB,2,Black / Silver
MSI TRX40 PRO WIFI ATX sTRX4,23900,sTRX4,ATX,256 GB,8,Black / Silver
Asus PRIME Z490-V ATX LGA1200,51900,LGA1200,ATX,128 GB,4,Black / Silver
Asus TUF B450M-PRO GAMING Micro ATX AM4,30950,AM4,Micro ATX,64 GB,4,Black
ASRock Z590 PG Velocita ATX LGA1200,58400,LGA1200,ATX,128 GB,4,Silver / Black
MSI Z370 KRAIT GAMING ATX LGA1151,46000,LGA1151,ATX,64 GB,4,Black / White
Gigabyte Z390 DESIGNARE ATX LGA1151,57200,LGA1151,ATX,128 GB,4,Black / Silver
Asus PRIME B450M-K Micro ATX AM4,28700,AM4,Micro ATX,32 GB,2,Black
Asus Prime A320I-K Mini ITX AM4,15650,AM4,Mini ITX,32 GB,2,Black
ASRock Z490M-ITX/ac Mini ITX LGA1200,55350,LGA1200,Mini ITX,64 GB,2,Black / Silver
Gigabyte GA-AX370-Gaming K5 ATX AM4,44550,AM4,ATX,64 GB,4,Black / Orange
Gigabyte GA-B150M-D3H-GSM Micro ATX LGA1151,20450,LGA1151,Micro ATX,64 GB,4,Black / Silver
Asus Z97-K/CSM ATX LGA1150,53650,LGA1150,ATX,32 GB,4,Black / Gold
Asus ProArt B550-CREATOR ATX AM4,45000,AM4,ATX,128 GB,4,Black
ASRock B85 Anniversary ATX LGA1150,29100,LGA1150,ATX,32 GB,4,Black / Blue
EVGA X299 DARK EATX LGA2066,19750,LGA2066,EATX,64 GB,4,Black / Silver
Gigabyte TRX40 AORUS PRO WIFI ATX sTRX4,17350,sTRX4,ATX,256 GB,8,Black / Orange
Gigabyte A520M S2H Micro ATX AM4,23350,AM4,Micro ATX,64 GB,2,Black
MSI H110I Pro Mini ITX LGA1151,24000,LGA1151,Mini ITX,32 GB,2,Black / Silver
MSI B450-A PRO ATX AM4,33050,AM4,ATX,64 GB,4,Brown / Black
MSI B450M PRO-VDH Micro ATX AM4,31850,AM4,Micro ATX,64 GB,4,Brown
Asus H170M-PLUS/CSM Micro ATX LGA1151,18850,LGA1151,Micro ATX,64 GB,4,Black / Gold
Asus Z87I-Pro Mini-ITX Mini ITX LGA1150,18200,LGA1150,Mini ITX,16 GB,2,Black / Gold
MSI MPG Z390M GAMING EDGE AC Micro ATX LGA1151,63250,LGA1151,Micro ATX,128 GB,4,Black / Silver
Asus H110M-E Micro ATX LGA1151,21000,LGA1151,Micro ATX,32 GB,2,Black / Gold
ASRock Z270 Killer SLI ATX LGA1151,72800,LGA1151,ATX,64 GB,4,Black / White
Asus PRIME H310M-E R2.0 Micro ATX LGA1151,19450,LGA1151,Micro ATX,32 GB,2,Black
Intel DP67BGB3 ATX LGA1155,16900,LGA1155,ATX,32 GB,4,Black / Blue
MSI H110M Pro-VD Micro ATX LGA1151,19050,LGA1151,Micro ATX,32 GB,2,Black / Silver
Gigabyte GA-AB350M-Gaming 3 Micro ATX AM4,35300,AM4,Micro ATX,64 GB,4,Black / Red
ASRock AB350 Gaming-ITX/ac Mini ITX AM4,44600,AM4,Mini ITX,32 GB,2,Black / Red
ASRock B560M-ITX/ac Mini ITX LGA1200,18000,LGA1200,Mini ITX,64 GB,2,Silver / Black
MSI X470 GAMING M7 AC ATX AM4,28150,AM4,ATX,64 GB,4,Black / Silver
Asus PRIME H310-PLUS ATX LGA1151,22450,LGA1151,ATX,32 GB,2,Black
MSI A320M-A PRO Micro ATX AM4,19100,AM4,Micro ATX,64 GB,2,Black
Intel DP45SG ATX LGA775,15700,LGA775,ATX,8 GB,4,Black / Blue
ASRock B360 Pro4 ATX LGA1151,37000,LGA1151,ATX,64 GB,4,Black / Silver
Gigabyte Z370 AORUS Gaming 7 (rev. 1.0) ATX LGA1151,66850,LGA1151,ATX,64 GB,4,Black / Silver
Gigabyte GA-B150M-D2V DDR3 Micro ATX LGA1151,24250,LGA1151,Micro ATX,16 GB,2,Black / Silver
Gigabyte X299 AORUS Gaming 3 Pro ATX LGA2066,40350,LGA2066,ATX,128 GB,8,Black
Asus MAXIMUS VII HERO ATX LGA1150,110800,LGA1150,ATX,32 GB,4,Black / Red
ASRock B460 Phantom Gaming 4 ATX LGA1200,42350,LGA1200,ATX,128 GB,4,Black
ASRock X570 Extreme4 ATX AM4,40400,AM4,ATX,128 GB,4,Black / Silver
MSI A320M-A PRO MAX Micro ATX AM4,19000,AM4,Micro ATX,32 GB,2,Black
Gigabyte Z590I VISION D Mini ITX LGA1200,51900,LGA1200,Mini ITX,64 GB,2,Black / White
Gigabyte GA-Z170-HD3 ATX LGA1151,34500,LGA1151,ATX,64 GB,4,Black / Gold
Asus PRIME B550M-A/CSM Micro ATX AM4,32600,AM4,Micro ATX,128 GB,4,Black / White
Intel DZ77SL50K ATX LGA1155,13550,LGA1155,ATX,32 GB,4,Black / Blue
MSI MEG Z590 ACE ATX LGA1200,57800,LGA1200,ATX,128 GB,4,Black
Asus Z97I-PLUS Mini ITX LGA1150,49700,LGA1150,Mini ITX,16 GB,2,Black / Gold
MSI Z77A-GD65 ATX LGA1155,12100,LGA1155,ATX,32 GB,4,Black / Blue
MSI Z97S SLI Krait Edition ATX LGA1150,55900,LGA1150,ATX,32 GB,4,Black / White
MSI B350 GAMING PLUS ATX AM4,36250,AM4,ATX,64 GB,4,Black / Red
MSI Z77 MPOWER ATX LGA1155,17200,LGA1155,ATX,32 GB,4,Black / Yellow
Asus Prime TRX40-Pro ATX sTRX4,26350,sTRX4,ATX,256 GB,8,Black / White
Asus TUF B450-PLUS GAMING ATX AM4,34700,AM4,ATX,64 GB,4,Black / Gold
MSI B350 GAMING PRO CARBON ATX AM4,32500,AM4,ATX,64 GB,4,Black
ASRock X570 Phantom Gaming X ATX AM4,41750,AM4,ATX,128 GB,4,Black / Silver
ASRock B550 Phantom Gaming 4/ac ATX AM4,22350,AM4,ATX,128 GB,4,Silver / Black
Gigabyte GA-Z270X-Gaming 5 ATX LGA1151,68650,LGA1151,ATX,64 GB,4,Black / White
Gigabyte GA-Z270X-Gaming K5 ATX LGA1151,77600,LGA1151,ATX,64 GB,4,Black / Silver
Asus ROG STRIX Z490-G GAMING (WI-FI) Micro ATX LGA1200,66350,LGA1200,Micro ATX,128 GB,4,Black
Gigabyte GA-Z270N-Gaming 5 Mini ITX LGA1151,69200,LGA1151,Mini ITX,32 GB,2,Black / Orange
Asus Prime Z370-P ATX LGA1151,53250,LGA1151,ATX,64 GB,4,Black / Silver
Gigabyte B365M DS3H WIFI Micro ATX LGA1151,31250,LGA1151,Micro ATX,64 GB,4,Black
Asus Prime H370M-Plus/CSM Micro ATX LGA1151,18300,LGA1151,Micro ATX,64 GB,4,Silver / Black
ASRock Z77 Fatal1ty Professional ATX LGA1155,12400,LGA1155,ATX,32 GB,4,Black / Red
ASRock Fatal1ty Z270 Gaming-ITX/ac Mini ITX LGA1151,65250,LGA1151,Mini ITX,32 GB,2,Black / Red
ASRock P55 Pro/USB3 ATX LGA1156,20000,LGA1156,ATX,16 GB,4,Black / Blue
Gigabyte Z490 AORUS ULTRA G2 ATX LGA1200,71250,LGA1200,ATX,128 GB,4,Black / Red
Gigabyte Z490I AORUS ULTRA Mini ITX LGA1200,65450,LGA1200,Mini ITX,64 GB,2,Black / Silver
EVGA Z97 FTW ATX LGA1150,47450,LGA1150,ATX,32 GB,4,Black / Red
Asus ROG STRIX X470-I GAMING Mini ITX AM4,30750,AM4,Mini ITX,32 GB,2,Black
Gigabyte Z490 AORUS ELITE ATX LGA1200,64900,LGA1200,ATX,128 GB,4,Black / Silver
ASRock Z590M Phantom Gaming 4 Micro ATX LGA1200,44800,LGA1200,Micro ATX,128 GB,4,Silver / Black
Asus Q87M-E/CSM Micro ATX LGA1150,24900,LGA1150,Micro ATX,32 GB,4,Black / Gold
Asus P8Z77-V LK ATX LGA1155,17100,LGA1155,ATX,32 GB,4,Black / Blue
Gigabyte GA-Z77M-D3H-MVP Micro ATX LGA1155,18850,LGA1155,Micro ATX,32 GB,4,Blue / White
Asus MAXIMUS VIII IMPACT Mini ITX LGA1151,115050,LGA1151,Mini ITX,32 GB,2,Black / Red
Asus Prime X299-A II ATX LGA2066,15800,LGA2066,ATX,256 GB,8,Silver / Black
Gigabyte GA-Z270MX-Gaming 5 Micro ATX LGA1151,79350,LGA1151,Micro ATX,64 GB,4,Black / Silver
MSI B350M PRO-VDH Micro ATX AM4,39700,AM4,Micro ATX,64 GB,4,Brown / Black
Gigabyte H510M H Micro ATX LGA1200,49600,LGA1200,Micro ATX,64 GB,2,Black
MSI B350M MORTAR ARCTIC Micro ATX AM4,43100,AM4,Micro ATX,64 GB,4,White
Asus Crosshair IV Formula ATX AM3,94450,AM3,ATX,16 GB,4,Black / Red
ASRock H77 Pro4/MVP ATX LGA1155,24800,LGA1155,ATX,32 GB,4,Brown / Black
Asus Prime X299-Deluxe II ATX LGA2066,26150,LGA2066,ATX,128 GB,8,White / Black
ASRock Z77 Extreme4 ATX LGA1155,18000,LGA1155,ATX,32 GB,4,Brown / Black
Asus Z97M-PLUS Micro ATX LGA1150,52100,LGA1150,Micro ATX,32 GB,4,Black / Gold
Asus TUF GAMING H570-PRO WIFI ATX LGA1200,27400,LGA1200,ATX,128 GB,4,Black / Silver
ASRock H170M Pro4 Micro ATX LGA1151,19750,LGA1151,Micro ATX,64 GB,4,Black / Orange
MSI 970A-G43 Plus ATX AM3+/AM3,27000,AM3+/AM3,ATX,32 GB,4,Black / Silver
Asus H81M-A Micro ATX LGA1150,15350,LGA1150,Micro ATX,16 GB,2,Black / Gold
ASRock B360M Pro4 Micro ATX LGA1151,36200,LGA1151,Micro ATX,64 GB,4,Black / Silver
Gigabyte H470 HD3 ATX LGA1200,31850,LGA1200,ATX,128 GB,4,Black / Silver
Gigabyte X470 AORUS ULTRA GAMING ATX AM4,27850,AM4,ATX,64 GB,4,Black / Orange
ASRock A520M-HVS Micro ATX AM4,18150,AM4,Micro ATX,64 GB,2,Black / Silver
Gigabyte GA-M68MT-S2 Micro ATX AM3+,17650,AM3+,Micro ATX,8 GB,2,Blue / White
ASRock X570 Phantom Gaming 4S ATX AM4,31550,AM4,ATX,128 GB,4,Black
ASRock AB350 Pro4 ATX AM4,43350,AM4,ATX,64 GB,4,Black / White
Asus X99-A II ATX LGA2011-3,29900,LGA2011-3,ATX,128 GB,8,Black / White
MSI MEG B550 UNIFY-X ATX AM4,21100,AM4,ATX,64 GB,2,Black
Asus B150I PRO GAMING/WIFI/AURA Mini ITX LGA1151,42800,LGA1151,Mini ITX,32 GB,2,Black / Red
MSI B360M BAZOOKA Micro ATX LGA1151,37700,LGA1151,Micro ATX,64 GB,4,Black / White
Asus PRIME Z270-A ATX LGA1151,69800,LGA1151,ATX,64 GB,4,Black / White
Asus STRIX X370-F GAMING ATX AM4,32150,AM4,ATX,64 GB,4,Black
Gigabyte Z370 AORUS Ultra Gaming (rev. 1.0) ATX LGA1151,56150,LGA1151,ATX,64 GB,4,Black / Red
Asus P8H61-M LE/CSM R2.0 Micro ATX LGA1155,25450,LGA1155,Micro ATX,16 GB,2,Black / Blue
Asus Pro H410M-C/CSM Micro ATX LGA1200,28050,LGA1200,Micro ATX,64 GB,2,Green
Asus ROG STRIX Z590-F GAMING WIFI ATX LGA1200,56600,LGA1200,ATX,128 GB,4,Black / Silver
Gigabyte GA-H97M-D3H Micro ATX LGA1150,29000,LGA1150,Micro ATX,32 GB,4,Black / Gold
Asus PRIME B350M-K Micro ATX AM4,35950,AM4,Micro ATX,32 GB,2,Black / Silver
Asus ROG STRIX B560-G GAMING WIFI Micro ATX LGA1200,21300,LGA1200,Micro ATX,128 GB,4,Black / Silver
ASRock Z490 Phantom Gaming 4 ATX LGA1200,64700,LGA1200,ATX,128 GB,4,Black / Gray
Intel DQ77MK Micro ATX LGA1155,24650,LGA1155,Micro ATX,32 GB,4,Green / Blue
ASRock Z490M Pro4 Micro ATX LGA1200,68500,LGA1200,Micro ATX,128 GB,4,Black / Silver
Asus ROG STRIX Z270i GAMING Mini ITX LGA1151,79200,LGA1151,Mini ITX,32 GB,2,Black / Silver
Asus B75M-A Micro ATX LGA1155,15050,LGA1155,Micro ATX,16 GB,2,Black / Blue
MSI B460M-A PRO Micro ATX LGA1200,30650,LGA1200,Micro ATX,64 GB,2,Black
ASRock H570 Phantom Gaming 4 ATX LGA1200,27100,LGA1200,ATX,128 GB,4,Silver / Black
Gigabyte GA-Z97X-SLI ATX LGA1150,49750,LGA1150,ATX,32 GB,4,Black / Red
Gigabyte GA-H110-D3A ATX LGA1151,18150,LGA1151,ATX,32 GB,2,Black
Gigabyte H370N WIFI Mini ITX LGA1151,18650,LGA1151,Mini ITX,32 GB,2,0
Asus ROG Rampage VI Extreme Encore EATX LGA2066,32950,LGA2066,EATX,256 GB,8,Black / Silver
Gigabyte GA-B75M-D3V Micro ATX LGA1155,24550,LGA1155,Micro ATX,16 GB,2,Blue / White
MSI MAG A520M VECTOR WIFI Micro ATX AM4,18650,AM4,Micro ATX,64 GB,2,Black
ASRock X470 Master SLI/AC ATX AM4,46000,AM4,ATX,64 GB,4,Black / Silver
Asus ROG STRIX B460-G GAMING Micro ATX LGA1200,36400,LGA1200,Micro ATX,128 GB,4,Black / Red
Asus ROG STRIX B460-H GAMING ATX LGA1200,36950,LGA1200,ATX,128 GB,4,Black / Red
ASRock Z390M-ITX/ac Mini ITX LGA1151,53450,LGA1151,Mini ITX,64 GB,2,Black / Silver
ASRock H310CM-ITX/ac Mini ITX LGA1151,22350,LGA1151,Mini ITX,32 GB,2,Black / Silver
Gigabyte Z390 D ATX LGA1151,63800,LGA1151,ATX,128 GB,4,Black / Silver
Gigabyte B450 Gaming X ATX AM4,36900,AM4,ATX,64 GB,4,Black / Red
ASRock A520M Pro4 Micro ATX AM4,19200,AM4,Micro ATX,128 GB,4,Black / Silver
MSI MAG B460M BAZOOKA Micro ATX LGA1200,35200,LGA1200,Micro ATX,128 GB,4,Black / Silver
Gigabyte B550M DS3H AC Micro ATX AM4,46900,AM4,Micro ATX,128 GB,4,Black
MSI Z87-G45 Gaming ATX LGA1150,23250,LGA1150,ATX,32 GB,4,Brown / Black
Asus P8Z68-V PRO/GEN3 ATX LGA1155,29250,LGA1155,ATX,32 GB,4,Black / Blue
ASRock H97M-ITX/AC Mini ITX LGA1150,20000,LGA1150,Mini ITX,16 GB,2,Black / Blue
Asus PRIME B250M-A Micro ATX LGA1151,26950,LGA1151,Micro ATX,64 GB,4,Black / White
ASRock Z390 Phantom Gaming SLI/ac ATX LGA1151,56700,LGA1151,ATX,128 GB,4,Black / Silver
MSI MEG Z490 GODLIKE EATX LGA1200,57600,LGA1200,EATX,128 GB,4,Black / Silver
Asus TUF Z390M-PRO GAMING (WI-FI) Micro ATX LGA1151,56350,LGA1151,Micro ATX,128 GB,4,Black / Gold
ASRock X370 Taichi ATX AM4,46250,AM4,ATX,64 GB,4,Black / White
Gigabyte B450 AORUS PRO ATX AM4,22650,AM4,ATX,64 GB,4,Black / Silver
ASRock A320M Micro ATX AM4,16400,AM4,Micro ATX,32 GB,2,Black / Silver
MSI B150 Gaming M3 ATX LGA1151,44500,LGA1151,ATX,64 GB,4,Black / Red
Gigabyte Z490 UD ATX LGA1200,64150,LGA1200,ATX,128 GB,4,Black / Silver
ASRock Z370M Pro4 Micro ATX LGA1151,56700,LGA1151,Micro ATX,64 GB,4,Black / Silver
ASRock X370 GAMING X ATX AM4,46050,AM4,ATX,64 GB,4,Black / Red
Biostar Hi-Fi H81S2 ATX LGA1150,23900,LGA1150,ATX,16 GB,2,Black / Silver
Gigabyte G1.Sniper Z170 ATX LGA1151,34150,LGA1151,ATX,64 GB,4,Black / Green
ASRock Z590 Phantom Gaming 4/ac ATX LGA1200,67850,LGA1200,ATX,128 GB,4,Silver / Black
Asus ROG CROSSHAIR VI EXTREME EATX AM4,92800,AM4,EATX,64 GB,4,Black / Silver
Asus H97-PRO ATX LGA1150,25500,LGA1150,ATX,32 GB,4,Black / Gold
ASRock Z270 Killer SLI/ac ATX LGA1151,68800,LGA1151,ATX,64 GB,4,Black / White
MSI Z370M MORTAR Micro ATX LGA1151,71100,LGA1151,Micro ATX,64 GB,4,Black / Red
Gigabyte X470 AORUS GAMING 5 WIFI ATX AM4,31900,AM4,ATX,64 GB,4,Black / Orange
Gigabyte GA-H170-GAMING 3 ATX LGA1151,30400,LGA1151,ATX,64 GB,4,Black / Red
MSI Z170I GAMING PRO AC Mini ITX LGA1151,36250,LGA1151,Mini ITX,32 GB,2,Black / Red
ASRock Z370 Pro4 ATX LGA1151,63600,LGA1151,ATX,64 GB,4,Black / Silver
MSI X299 GAMING PRO CARBON AC ATX LGA2066,42950,LGA2066,ATX,128 GB,8,Black / Silver
Asus ROG MAXIMUS XI APEX ATX LGA1151,103650,LGA1151,ATX,64 GB,2,Black / Silver
Asus Prime X299 Edition 30 ATX LGA2066,26000,LGA2066,ATX,256 GB,8,Black / White
Asus PRIME H410M-K Micro ATX LGA1200,37200,LGA1200,Micro ATX,64 GB,2,Black
Asus PRIME B550M-K Micro ATX AM4,28950,AM4,Micro ATX,128 GB,4,Black / White
ASRock FM2A88M Extreme4+ R2.0 Micro ATX FM2+,31000,FM2+,Micro ATX,64 GB,4,Black / Silver
Gigabyte H470I AORUS PRO AX Mini ITX LGA1200,40750,LGA1200,Mini ITX,64 GB,2,Black / Silver
MSI P55A FUZION ATX LGA1156,19500,LGA1156,ATX,16 GB,4,Black / Blue
Gigabyte GA-Gaming B8 ATX LGA1151,25850,LGA1151,ATX,64 GB,4,Black / Green
ASRock H470M Pro4 Micro ATX LGA1200,43550,LGA1200,Micro ATX,128 GB,4,Black / Silver
Asus TUF X299 MARK 1 ATX LGA2066,16500,LGA2066,ATX,128 GB,8,Black
Gigabyte Z370 AORUS Gaming 5 (rev. 1.0) ATX LGA1151,61500,LGA1151,ATX,64 GB,4,Black / Silver
ASRock X399 Taichi ATX sTR4,19350,sTR4,ATX,128 GB,8,Black / Silver
ASRock Z490 PG Velocita ATX LGA1200,61100,LGA1200,ATX,128 GB,4,Black / Silver
ASRock Z590 Extreme WiFi 6E ATX LGA1200,62100,LGA1200,ATX,128 GB,4,Black / Blue
Gigabyte GA-970A-D3P ATX AM3+/AM3,30800,AM3+/AM3,ATX,32 GB,4,Black / Gray
Asus MAXIMUS IX CODE ATX LGA1151,95250,LGA1151,ATX,64 GB,4,Black
Gigabyte GA-Z270X-Gaming 7 ATX LGA1151,75400,LGA1151,ATX,64 GB,4,Black / White
ASRock H410M-HDV/M.2 Micro ATX LGA1200,34100,LGA1200,Micro ATX,64 GB,2,Black
Gigabyte GA-Z170X-UD3 ATX LGA1151,38800,LGA1151,ATX,64 GB,4,Black / Gold
Asus H81M-C/CSM Micro ATX LGA1150,17200,LGA1150,Micro ATX,16 GB,2,Black / Gold
MSI H410M-A PRO Micro ATX LGA1200,49200,LGA1200,Micro ATX,64 GB,2,Black / Silver
Gigabyte B460 HD3 ATX LGA1200,40350,LGA1200,ATX,128 GB,4,Black / Silver
Asus Z170-P ATX LGA1151,33350,LGA1151,ATX,64 GB,4,Black / Gold
Asus TUF GAMING B460-PLUS ATX LGA1200,44900,LGA1200,ATX,128 GB,4,Black / Gold
ASRock H110M-ITX/ac Mini ITX LGA1151,17850,LGA1151,Mini ITX,32 GB,2,Black / Orange
MSI Z270 SLI PLUS ATX LGA1151,76450,LGA1151,ATX,64 GB,4,Black / Silver
Asus ROG MAXIMUS X HERO ATX LGA1151,108050,LGA1151,ATX,64 GB,4,Black
Asus GRYPHON Z87 Micro ATX LGA1150,18500,LGA1150,Micro ATX,32 GB,4,Brown / Black
Gigabyte GA-A55M-DS2 Micro ATX FM1,22000,FM1,Micro ATX,32 GB,2,Blue / White
Intel DH67BL Micro ATX LGA1155,25800,LGA1155,Micro ATX,32 GB,4,0
Asus Z97-P ATX LGA1150,59250,LGA1150,ATX,32 GB,4,Black / Gold
Asus ROG MAXIMUS X HERO (WI-FI AC) ATX LGA1151,94850,LGA1151,ATX,64 GB,4,Black / Silver
ASRock H310M-ITX/ac Mini ITX LGA1151,21650,LGA1151,Mini ITX,32 GB,2,Black / Silver
ASRock Fatal1ty Z170 Gaming K6+ ATX LGA1151,39000,LGA1151,ATX,64 GB,4,Black / Red
NZXT N7 Z370 ATX LGA1151,46100,LGA1151,ATX,64 GB,4,White / Black
ASRock H110M-DGS Micro ATX LGA1151,28350,LGA1151,Micro ATX,32 GB,2,Black / Orange
MSI Z270 TOMAHAWK ATX LGA1151,61500,LGA1151,ATX,64 GB,4,Black / Red
MSI X99A GODLIKE GAMING EATX LGA2011-3,40700,LGA2011-3,EATX,128 GB,8,Black / Red
Gigabyte GA-Z87X-D3H ATX LGA1150,19450,LGA1150,ATX,32 GB,4,Black / Gray
Gigabyte GA-H55M-UD2H Micro ATX LGA1156,22000,LGA1156,Micro ATX,16 GB,4,Blue / White
Asus PRIME B550M-A Micro ATX AM4,33450,AM4,Micro ATX,128 GB,4,Black / White
Gigabyte GA-MA790GPT-UD3H ATX AM3,15950,AM3,ATX,16 GB,4,Blue / White
Gigabyte Z370N WIFI Mini ITX LGA1151,73500,LGA1151,Mini ITX,32 GB,2,Black / White
Gigabyte GA-Z87-DS3H ATX LGA1150,19450,LGA1150,ATX,32 GB,4,Black / Gray
Asus ROG STRIX TRX40-XE GAMING ATX sTRX4,38300,sTRX4,ATX,256 GB,8,Black
MSI B350M MORTAR Micro ATX AM4,39400,AM4,Micro ATX,64 GB,4,Black / Red
ASRock B460M-HDV Micro ATX LGA1200,33850,LGA1200,Micro ATX,64 GB,2,Black
MSI Z370M GAMING PRO AC Micro ATX LGA1151,68000,LGA1151,Micro ATX,64 GB,4,Black / Silver
Asus P8Z77-V ATX LGA1155,18550,LGA1155,ATX,32 GB,4,Black / Blue
MSI MAG B460M MORTAR Micro ATX LGA1200,39550,LGA1200,Micro ATX,128 GB,4,Black / Silver
Gigabyte Z490M GAMING X Micro ATX LGA1200,64750,LGA1200,Micro ATX,128 GB,4,Black / Silver
Asus GRYPHON Z97 Micro ATX LGA1150,62850,LGA1150,Micro ATX,32 GB,4,Brown / Black
Asus PRIME A320M-A Micro ATX AM4,17400,AM4,Micro ATX,64 GB,4,Black / Gray
ASRock Z490 Taichi ATX LGA1200,54000,LGA1200,ATX,128 GB,4,Black / Gold
MSI Z270 GAMING M3 ATX LGA1151,71850,LGA1151,ATX,64 GB,4,Black / Red
MSI Z270-A PRO ATX LGA1151,61950,LGA1151,ATX,64 GB,4,Brown / Black
Gigabyte GA-H61M-HD2 Micro ATX LGA1155,28250,LGA1155,Micro ATX,16 GB,2,Blue / White
